nice_level;full;num_tuples;db_size_mb;it;exec_time;disk_freespace;swap_total_mb;swap_used_mb;swap_free_mb;filter_result_set_elem_num;max_filter_result_set_elem_num;max_hash_table_elem_num;max_final_result_set_elem_num;filter_result_set_size;hash_table_num_elem;final_result_set_size
0;no;4000000;488.2812;0;735.9230;33877323776;0,00;0,00;0,00;400000;440001;484001;440000;400000;400000;400000
0;no;4000000;488.2812;1;699.4960;33877323776;0,00;0,00;0,00;400000;440001;484001;440000;400000;400000;400000
0;no;4000000;488.2812;2;712.6100;33877323776;0,00;0,00;0,00;400000;440001;484001;440000;400000;400000;400000
0;no;4000000;488.2812;3;708.4030;33877323776;0,00;0,00;0,00;400000;440001;484001;440000;400000;400000;400000
0;no;4000000;488.2812;4;713.9680;33877323776;0,00;0,00;0,00;400000;440001;484001;440000;400000;400000;400000
0;no;4000000;488.2812;5;699.8240;33877323776;0,00;0,00;0,00;400000;440001;484001;440000;400000;400000;400000
0;no;4000000;488.2812;6;717.6690;33877323776;0,00;0,00;0,00;400000;440001;484001;440000;400000;400000;400000
0;no;4000000;488.2812;7;707.1470;33877323776;0,00;0,00;0,00;400000;440001;484001;440000;400000;400000;400000
0;no;4000000;488.2812;8;693.8190;33877323776;0,00;0,00;0,00;400000;440001;484001;440000;400000;400000;400000
0;no;4000000;488.2812;9;725.6950;33877315584;0,00;0,00;0,00;400000;440001;484001;440000;400000;400000;400000
0;no;4000000;488.2812;10;714.8400;33877315584;0,00;0,00;0,00;400000;440001;484001;440000;400000;400000;400000
0;no;4000000;488.2812;11;721.0640;33877307392;0,00;0,00;0,00;400000;440001;484001;440000;400000;400000;400000
0;no;4000000;488.2812;12;716.6720;33877282816;0,00;0,00;0,00;400000;440001;484001;440000;400000;400000;400000
0;no;4000000;488.2812;13;711.7220;33877282816;0,00;0,00;0,00;400000;440001;484001;440000;400000;400000;400000
0;no;4000000;488.2812;14;701.3680;33877282816;0,00;0,00;0,00;400000;440001;484001;440000;400000;400000;400000
0;no;4000000;488.2812;15;718.9390;33877155840;0,00;0,00;0,00;400000;440001;484001;440000;400000;400000;400000
0;no;4000000;488.2812;16;701.2090;33877155840;0,00;0,00;0,00;400000;440001;484001;440000;400000;400000;400000
0;no;4000000;488.2812;17;712.0350;33877155840;0,00;0,00;0,00;400000;440001;484001;440000;400000;400000;400000
0;no;4000000;488.2812;18;705.0520;33877155840;0,00;0,00;0,00;400000;440001;484001;440000;400000;400000;400000
0;no;4000000;488.2812;19;699.3850;33877155840;0,00;0,00;0,00;400000;440001;484001;440000;400000;400000;400000
0;no;4000000;488.2812;20;721.8660;33877155840;0,00;0,00;0,00;400000;440001;484001;440000;400000;400000;400000
0;no;4000000;488.2812;21;700.8470;33877155840;0,00;0,00;0,00;400000;440001;484001;440000;400000;400000;400000
0;no;4000000;488.2812;22;710.8640;33877106688;0,00;0,00;0,00;400000;440001;484001;440000;400000;400000;400000
0;no;4000000;488.2812;23;701.6280;33877106688;0,00;0,00;0,00;400000;440001;484001;440000;400000;400000;400000
0;no;4000000;488.2812;24;706.5030;33877106688;0,00;0,00;0,00;400000;440001;484001;440000;400000;400000;400000
0;yes;4000000;488.2812;0;704.0340;33877106688;0,00;0,00;0,00;400000;440001;484001;440000;400000;400000;400000
0;yes;4000000;488.2812;1;709.8920;33877106688;0,00;0,00;0,00;400000;440001;484001;440000;400000;400000;400000
0;yes;4000000;488.2812;2;709.0010;33877106688;0,00;0,00;0,00;400000;440001;484001;440000;400000;400000;400000
0;yes;4000000;488.2812;3;707.1510;33877106688;0,00;0,00;0,00;400000;440001;484001;440000;400000;400000;400000
0;yes;4000000;488.2812;4;703.3540;33877106688;0,00;0,00;0,00;400000;440001;484001;440000;400000;400000;400000
0;yes;4000000;488.2812;5;710.2750;33877106688;0,00;0,00;0,00;400000;440001;484001;440000;400000;400000;400000
0;yes;4000000;488.2812;6;718.8740;33877102592;0,00;0,00;0,00;400000;440001;484001;440000;400000;400000;400000
0;yes;4000000;488.2812;7;747.2210;33875103744;0,00;0,00;0,00;400000;440001;484001;440000;400000;400000;400000
0;yes;4000000;488.2812;8;739.8710;33875070976;0,00;0,00;0,00;400000;440001;484001;440000;400000;400000;400000
0;yes;4000000;488.2812;9;719.8310;33875054592;0,00;0,00;0,00;400000;440001;484001;440000;400000;400000;400000
0;yes;4000000;488.2812;10;732.1800;33875021824;0,00;0,00;0,00;400000;440001;484001;440000;400000;400000;400000
0;yes;4000000;488.2812;11;764.6280;33874939904;0,00;0,00;0,00;400000;440001;484001;440000;400000;400000;400000
0;yes;4000000;488.2812;12;753.2880;33874890752;0,00;0,00;0,00;400000;440001;484001;440000;400000;400000;400000
0;yes;4000000;488.2812;13;754.3920;33874857984;0,00;0,00;0,00;400000;440001;484001;440000;400000;400000;400000
0;yes;4000000;488.2812;14;739.6850;33874821120;0,00;0,00;0,00;400000;440001;484001;440000;400000;400000;400000
0;yes;4000000;488.2812;15;762.8570;33874735104;0,00;0,00;0,00;400000;440001;484001;440000;400000;400000;400000
0;yes;4000000;488.2812;16;740.5680;33874690048;0,00;0,00;0,00;400000;440001;484001;440000;400000;400000;400000
0;yes;4000000;488.2812;17;731.4850;33874612224;0,00;0,00;0,00;400000;440001;484001;440000;400000;400000;400000
0;yes;4000000;488.2812;18;738.4590;33874542592;0,00;0,00;0,00;400000;440001;484001;440000;400000;400000;400000
0;yes;4000000;488.2812;19;737.8330;33874477056;0,00;0,00;0,00;400000;440001;484001;440000;400000;400000;400000
0;yes;4000000;488.2812;20;747.1130;33874399232;0,00;0,00;0,00;400000;440001;484001;440000;400000;400000;400000
0;yes;4000000;488.2812;21;723.8560;33874382848;0,00;0,00;0,00;400000;440001;484001;440000;400000;400000;400000
0;yes;4000000;488.2812;22;731.0970;33874313216;0,00;0,00;0,00;400000;440001;484001;440000;400000;400000;400000
0;yes;4000000;488.2812;23;744.8420;33874210816;0,00;0,00;0,00;400000;440001;484001;440000;400000;400000;400000
0;yes;4000000;488.2812;24;749.0070;33874104320;0,00;0,00;0,00;400000;440001;484001;440000;400000;400000;400000
0;no;8000000;976.5625;0;1491.1310;33873960960;0,00;0,00;0,00;800000;880001;968001;880000;800000;800000;800000
0;no;8000000;976.5625;1;1491.2770;33873821696;0,00;0,00;0,00;800000;880001;968001;880000;800000;800000;800000
0;no;8000000;976.5625;2;1474.1310;33873768448;0,00;0,00;0,00;800000;880001;968001;880000;800000;800000;800000
0;no;8000000;976.5625;3;1447.0450;33873559552;0,00;0,00;0,00;800000;880001;968001;880000;800000;800000;800000
0;no;8000000;976.5625;4;1469.6590;33873424384;0,00;0,00;0,00;800000;880001;968001;880000;800000;800000;800000
0;no;8000000;976.5625;5;1461.9890;33873338368;0,00;0,00;0,00;800000;880001;968001;880000;800000;800000;800000
0;no;8000000;976.5625;6;1448.9080;33873227776;0,00;0,00;0,00;800000;880001;968001;880000;800000;800000;800000
0;no;8000000;976.5625;7;1474.3570;33873141760;0,00;0,00;0,00;800000;880001;968001;880000;800000;800000;800000
0;no;8000000;976.5625;8;1472.1740;33873031168;0,00;0,00;0,00;800000;880001;968001;880000;800000;800000;800000
0;no;8000000;976.5625;9;1457.7880;33872920576;0,00;0,00;0,00;800000;880001;968001;880000;800000;800000;800000
0;no;8000000;976.5625;10;1497.7590;33872826368;0,00;0,00;0,00;800000;880001;968001;880000;800000;800000;800000
0;no;8000000;976.5625;11;1462.9610;33872715776;0,00;0,00;0,00;800000;880001;968001;880000;800000;800000;800000
0;no;8000000;976.5625;12;1475.4670;33872556032;0,00;0,00;0,00;800000;880001;968001;880000;800000;800000;800000
0;no;8000000;976.5625;13;1471.9300;33872424960;0,00;0,00;0,00;800000;880001;968001;880000;800000;800000;800000
0;no;8000000;976.5625;14;1466.7910;33872310272;0,00;0,00;0,00;800000;880001;968001;880000;800000;800000;800000
0;no;8000000;976.5625;15;1466.2280;33872216064;0,00;0,00;0,00;800000;880001;968001;880000;800000;800000;800000
0;no;8000000;976.5625;16;1471.3970;33872130048;0,00;0,00;0,00;800000;880001;968001;880000;800000;800000;800000
0;no;8000000;976.5625;17;1462.0850;33872007168;0,00;0,00;0,00;800000;880001;968001;880000;800000;800000;800000
0;no;8000000;976.5625;18;1452.3430;33871917056;0,00;0,00;0,00;800000;880001;968001;880000;800000;800000;800000
0;no;8000000;976.5625;19;1461.8660;33871826944;0,00;0,00;0,00;800000;880001;968001;880000;800000;800000;800000
0;no;8000000;976.5625;20;1463.3330;33871753216;0,00;0,00;0,00;800000;880001;968001;880000;800000;800000;800000
0;no;8000000;976.5625;21;1465.7370;33871671296;0,00;0,00;0,00;800000;880001;968001;880000;800000;800000;800000
0;no;8000000;976.5625;22;1471.5360;33871589376;0,00;0,00;0,00;800000;880001;968001;880000;800000;800000;800000
0;no;8000000;976.5625;23;1464.7150;33871519744;0,00;0,00;0,00;800000;880001;968001;880000;800000;800000;800000
0;no;8000000;976.5625;24;1456.4410;33871396864;0,00;0,00;0,00;800000;880001;968001;880000;800000;800000;800000
0;yes;8000000;976.5625;0;1466.4190;33871286272;0,00;0,00;0,00;800000;880001;968001;880000;800000;800000;800000
0;yes;8000000;976.5625;1;1463.5590;33871196160;0,00;0,00;0,00;800000;880001;968001;880000;800000;800000;800000
0;yes;8000000;976.5625;2;1483.2280;33871106048;0,00;0,00;0,00;800000;880001;968001;880000;800000;800000;800000
0;yes;8000000;976.5625;3;1463.4860;33871044608;0,00;0,00;0,00;800000;880001;968001;880000;800000;800000;800000
0;yes;8000000;976.5625;4;1481.8830;33870897152;0,00;0,00;0,00;800000;880001;968001;880000;800000;800000;800000
0;yes;8000000;976.5625;5;1474.1640;33870712832;0,00;0,00;0,00;800000;880001;968001;880000;800000;800000;800000
0;yes;8000000;976.5625;6;1463.7560;33870667776;0,00;0,00;0,00;800000;880001;968001;880000;800000;800000;800000
0;yes;8000000;976.5625;7;1470.0810;33870602240;0,00;0,00;0,00;800000;880001;968001;880000;800000;800000;800000
0;yes;8000000;976.5625;8;1473.5290;33870508032;0,00;0,00;0,00;800000;880001;968001;880000;800000;800000;800000
0;yes;8000000;976.5625;9;1483.7730;33870483456;0,00;0,00;0,00;800000;880001;968001;880000;800000;800000;800000
0;yes;8000000;976.5625;10;1560.8270;33870434304;0,00;0,00;0,00;800000;880001;968001;880000;800000;800000;800000
0;yes;8000000;976.5625;11;1607.3280;33870344192;0,00;0,00;0,00;800000;880001;968001;880000;800000;800000;800000
0;yes;8000000;976.5625;12;1597.6790;33870241792;0,00;0,00;0,00;800000;880001;968001;880000;800000;800000;800000
0;yes;8000000;976.5625;13;1600.0140;33870168064;0,00;0,00;0,00;800000;880001;968001;880000;800000;800000;800000
0;yes;8000000;976.5625;14;1599.3410;33870106624;0,00;0,00;0,00;800000;880001;968001;880000;800000;800000;800000
0;yes;8000000;976.5625;15;1576.3220;33870061568;0,00;0,00;0,00;800000;880001;968001;880000;800000;800000;800000
0;yes;8000000;976.5625;16;1597.3430;33869971456;0,00;0,00;0,00;800000;880001;968001;880000;800000;800000;800000
0;yes;8000000;976.5625;17;1610.6130;33869828096;0,00;0,00;0,00;800000;880001;968001;880000;800000;800000;800000
0;yes;8000000;976.5625;18;1611.6290;33869729792;0,00;0,00;0,00;800000;880001;968001;880000;800000;800000;800000
0;yes;8000000;976.5625;19;1609.2670;33869643776;0,00;0,00;0,00;800000;880001;968001;880000;800000;800000;800000
0;yes;8000000;976.5625;20;1587.5050;33869643776;0,00;0,00;0,00;800000;880001;968001;880000;800000;800000;800000
0;yes;8000000;976.5625;21;1628.9860;33869643776;0,00;0,00;0,00;800000;880001;968001;880000;800000;800000;800000
0;yes;8000000;976.5625;22;1593.5790;33869643776;0,00;0,00;0,00;800000;880001;968001;880000;800000;800000;800000
0;yes;8000000;976.5625;23;1579.3560;33869643776;0,00;0,00;0,00;800000;880001;968001;880000;800000;800000;800000
0;yes;8000000;976.5625;24;1616.7220;33869643776;0,00;0,00;0,00;800000;880001;968001;880000;800000;800000;800000
0;no;12000000;1464.8438;0;2228.4550;33869606912;0,00;0,00;0,00;1200000;1320001;1452001;1320000;1200000;1200000;1200000
0;no;12000000;1464.8438;1;2244.9440;33869606912;0,00;0,00;0,00;1200000;1320001;1452001;1320000;1200000;1200000;1200000
0;no;12000000;1464.8438;2;2220.4810;33869606912;0,00;0,00;0,00;1200000;1320001;1452001;1320000;1200000;1200000;1200000
0;no;12000000;1464.8438;3;2230.0360;33869606912;0,00;0,00;0,00;1200000;1320001;1452001;1320000;1200000;1200000;1200000
0;no;12000000;1464.8438;4;2222.6480;33869598720;0,00;0,00;0,00;1200000;1320001;1452001;1320000;1200000;1200000;1200000
0;no;12000000;1464.8438;5;2233.3400;33869598720;0,00;0,00;0,00;1200000;1320001;1452001;1320000;1200000;1200000;1200000
0;no;12000000;1464.8438;6;2227.4380;33869598720;0,00;0,00;0,00;1200000;1320001;1452001;1320000;1200000;1200000;1200000
0;no;12000000;1464.8438;7;2219.7710;33869598720;0,00;0,00;0,00;1200000;1320001;1452001;1320000;1200000;1200000;1200000
0;no;12000000;1464.8438;8;2219.0760;33869598720;0,00;0,00;0,00;1200000;1320001;1452001;1320000;1200000;1200000;1200000
0;no;12000000;1464.8438;9;2236.9300;33869594624;0,00;0,00;0,00;1200000;1320001;1452001;1320000;1200000;1200000;1200000
0;no;12000000;1464.8438;10;2243.4690;33869594624;0,00;0,00;0,00;1200000;1320001;1452001;1320000;1200000;1200000;1200000
0;no;12000000;1464.8438;11;2215.1130;33869594624;0,00;0,00;0,00;1200000;1320001;1452001;1320000;1200000;1200000;1200000
0;no;12000000;1464.8438;12;2223.2870;33869594624;0,00;0,00;0,00;1200000;1320001;1452001;1320000;1200000;1200000;1200000
0;no;12000000;1464.8438;13;2236.7160;33869594624;0,00;0,00;0,00;1200000;1320001;1452001;1320000;1200000;1200000;1200000
0;no;12000000;1464.8438;14;2302.6160;33869594624;0,00;0,00;0,00;1200000;1320001;1452001;1320000;1200000;1200000;1200000
0;no;12000000;1464.8438;15;2259.8520;33869557760;0,00;0,00;0,00;1200000;1320001;1452001;1320000;1200000;1200000;1200000
0;no;12000000;1464.8438;16;2249.3360;33869557760;0,00;0,00;0,00;1200000;1320001;1452001;1320000;1200000;1200000;1200000
0;no;12000000;1464.8438;17;2268.3080;33869721600;0,00;0,00;0,00;1200000;1320001;1452001;1320000;1200000;1200000;1200000
0;no;12000000;1464.8438;18;2268.1870;33869721600;0,00;0,00;0,00;1200000;1320001;1452001;1320000;1200000;1200000;1200000
0;no;12000000;1464.8438;19;2247.8300;33869721600;0,00;0,00;0,00;1200000;1320001;1452001;1320000;1200000;1200000;1200000
0;no;12000000;1464.8438;20;2281.7250;33869721600;0,00;0,00;0,00;1200000;1320001;1452001;1320000;1200000;1200000;1200000
0;no;12000000;1464.8438;21;2296.0760;33869721600;0,00;0,00;0,00;1200000;1320001;1452001;1320000;1200000;1200000;1200000
0;no;12000000;1464.8438;22;2293.5320;33869721600;0,00;0,00;0,00;1200000;1320001;1452001;1320000;1200000;1200000;1200000
0;no;12000000;1464.8438;23;2442.5190;33869721600;0,00;0,00;0,00;1200000;1320001;1452001;1320000;1200000;1200000;1200000
0;no;12000000;1464.8438;24;2533.2850;33869721600;0,00;0,00;0,00;1200000;1320001;1452001;1320000;1200000;1200000;1200000
0;yes;12000000;1464.8438;0;2554.0590;33869721600;0,00;0,00;0,00;1200000;1320001;1452001;1320000;1200000;1200000;1200000
0;yes;12000000;1464.8438;1;2470.0270;33869721600;0,00;0,00;0,00;1200000;1320001;1452001;1320000;1200000;1200000;1200000
0;yes;12000000;1464.8438;2;2449.9080;33869721600;0,00;0,00;0,00;1200000;1320001;1452001;1320000;1200000;1200000;1200000
0;yes;12000000;1464.8438;3;2426.8900;33869721600;0,00;0,00;0,00;1200000;1320001;1452001;1320000;1200000;1200000;1200000
0;yes;12000000;1464.8438;4;2439.8270;33869537280;0,00;0,00;0,00;1200000;1320001;1452001;1320000;1200000;1200000;1200000
0;yes;12000000;1464.8438;5;2443.4970;33869537280;0,00;0,00;0,00;1200000;1320001;1452001;1320000;1200000;1200000;1200000
0;yes;12000000;1464.8438;6;2443.0400;33869537280;0,00;0,00;0,00;1200000;1320001;1452001;1320000;1200000;1200000;1200000
0;yes;12000000;1464.8438;7;2471.6860;33869537280;0,00;0,00;0,00;1200000;1320001;1452001;1320000;1200000;1200000;1200000
0;yes;12000000;1464.8438;8;2491.7720;33869488128;0,00;0,00;0,00;1200000;1320001;1452001;1320000;1200000;1200000;1200000
0;yes;12000000;1464.8438;9;2466.4980;33869488128;0,00;0,00;0,00;1200000;1320001;1452001;1320000;1200000;1200000;1200000
0;yes;12000000;1464.8438;10;2446.5980;33869484032;0,00;0,00;0,00;1200000;1320001;1452001;1320000;1200000;1200000;1200000
0;yes;12000000;1464.8438;11;2432.8350;33869484032;0,00;0,00;0,00;1200000;1320001;1452001;1320000;1200000;1200000;1200000
0;yes;12000000;1464.8438;12;2396.6230;33869484032;0,00;0,00;0,00;1200000;1320001;1452001;1320000;1200000;1200000;1200000
0;yes;12000000;1464.8438;13;2429.3320;33869484032;0,00;0,00;0,00;1200000;1320001;1452001;1320000;1200000;1200000;1200000
0;yes;12000000;1464.8438;14;2432.0040;33869484032;0,00;0,00;0,00;1200000;1320001;1452001;1320000;1200000;1200000;1200000
0;yes;12000000;1464.8438;15;2421.4470;33869484032;0,00;0,00;0,00;1200000;1320001;1452001;1320000;1200000;1200000;1200000
0;yes;12000000;1464.8438;16;2430.8870;33869463552;0,00;0,00;0,00;1200000;1320001;1452001;1320000;1200000;1200000;1200000
0;yes;12000000;1464.8438;17;2416.7440;33869209600;0,00;0,00;0,00;1200000;1320001;1452001;1320000;1200000;1200000;1200000
0;yes;12000000;1464.8438;18;2434.0430;33869209600;0,00;0,00;0,00;1200000;1320001;1452001;1320000;1200000;1200000;1200000
0;yes;12000000;1464.8438;19;2434.3690;33869209600;0,00;0,00;0,00;1200000;1320001;1452001;1320000;1200000;1200000;1200000
0;yes;12000000;1464.8438;20;2420.8560;33869783040;0,00;0,00;0,00;1200000;1320001;1452001;1320000;1200000;1200000;1200000
0;yes;12000000;1464.8438;21;2417.7400;33869783040;0,00;0,00;0,00;1200000;1320001;1452001;1320000;1200000;1200000;1200000
0;yes;12000000;1464.8438;22;2424.9960;33869783040;0,00;0,00;0,00;1200000;1320001;1452001;1320000;1200000;1200000;1200000
0;yes;12000000;1464.8438;23;2433.3470;33869746176;0,00;0,00;0,00;1200000;1320001;1452001;1320000;1200000;1200000;1200000
0;yes;12000000;1464.8438;24;2425.4900;33869746176;0,00;0,00;0,00;1200000;1320001;1452001;1320000;1200000;1200000;1200000
0;no;16000000;1953.1250;0;2919.4720;33869742080;0,00;0,00;0,00;1600000;1760001;1936001;1760000;1600000;1600000;1600000
0;no;16000000;1953.1250;1;2954.8190;33869742080;0,00;0,00;0,00;1600000;1760001;1936001;1760000;1600000;1600000;1600000
0;no;16000000;1953.1250;2;2953.8140;33869733888;0,00;0,00;0,00;1600000;1760001;1936001;1760000;1600000;1600000;1600000
0;no;16000000;1953.1250;3;2969.9580;33869733888;0,00;0,00;0,00;1600000;1760001;1936001;1760000;1600000;1600000;1600000
0;no;16000000;1953.1250;4;2918.8640;33869733888;0,00;0,00;0,00;1600000;1760001;1936001;1760000;1600000;1600000;1600000
0;no;16000000;1953.1250;5;2926.9410;33869733888;0,00;0,00;0,00;1600000;1760001;1936001;1760000;1600000;1600000;1600000
0;no;16000000;1953.1250;6;2950.4700;33869733888;0,00;0,00;0,00;1600000;1760001;1936001;1760000;1600000;1600000;1600000
0;no;16000000;1953.1250;7;2980.6040;33869733888;0,00;0,00;0,00;1600000;1760001;1936001;1760000;1600000;1600000;1600000
0;no;16000000;1953.1250;8;2950.2810;33869684736;0,00;0,00;0,00;1600000;1760001;1936001;1760000;1600000;1600000;1600000
0;no;16000000;1953.1250;9;2978.1430;33869684736;0,00;0,00;0,00;1600000;1760001;1936001;1760000;1600000;1600000;1600000
0;no;16000000;1953.1250;10;2961.6520;33869684736;0,00;0,00;0,00;1600000;1760001;1936001;1760000;1600000;1600000;1600000
0;no;16000000;1953.1250;11;2986.1060;33869684736;0,00;0,00;0,00;1600000;1760001;1936001;1760000;1600000;1600000;1600000
0;no;16000000;1953.1250;12;2963.0990;33869684736;0,00;0,00;0,00;1600000;1760001;1936001;1760000;1600000;1600000;1600000
0;no;16000000;1953.1250;13;2965.5410;33869672448;0,00;0,00;0,00;1600000;1760001;1936001;1760000;1600000;1600000;1600000
0;no;16000000;1953.1250;14;2961.0430;33869672448;0,00;0,00;0,00;1600000;1760001;1936001;1760000;1600000;1600000;1600000
0;no;16000000;1953.1250;15;3003.5810;33869623296;0,00;0,00;0,00;1600000;1760001;1936001;1760000;1600000;1600000;1600000
0;no;16000000;1953.1250;16;2971.4300;33869623296;0,00;0,00;0,00;1600000;1760001;1936001;1760000;1600000;1600000;1600000
0;no;16000000;1953.1250;17;3124.1530;33869623296;0,00;0,00;0,00;1600000;1760001;1936001;1760000;1600000;1600000;1600000
0;no;16000000;1953.1250;18;3217.6350;33869623296;0,00;0,00;0,00;1600000;1760001;1936001;1760000;1600000;1600000;1600000
0;no;16000000;1953.1250;19;3235.5750;33869623296;0,00;0,00;0,00;1600000;1760001;1936001;1760000;1600000;1600000;1600000
0;no;16000000;1953.1250;20;3237.4750;33869623296;0,00;0,00;0,00;1600000;1760001;1936001;1760000;1600000;1600000;1600000
0;no;16000000;1953.1250;21;3251.2740;33869623296;0,00;0,00;0,00;1600000;1760001;1936001;1760000;1600000;1600000;1600000
0;no;16000000;1953.1250;22;3246.6950;33869611008;0,00;0,00;0,00;1600000;1760001;1936001;1760000;1600000;1600000;1600000
0;no;16000000;1953.1250;23;3267.0630;33869611008;0,00;0,00;0,00;1600000;1760001;1936001;1760000;1600000;1600000;1600000
0;no;16000000;1953.1250;24;3256.1050;33869611008;0,00;0,00;0,00;1600000;1760001;1936001;1760000;1600000;1600000;1600000
0;yes;16000000;1953.1250;0;3234.2020;33869611008;0,00;0,00;0,00;1600000;1760001;1936001;1760000;1600000;1600000;1600000
0;yes;16000000;1953.1250;1;3254.3170;33869611008;0,00;0,00;0,00;1600000;1760001;1936001;1760000;1600000;1600000;1600000
0;yes;16000000;1953.1250;2;3261.0130;33869611008;0,00;0,00;0,00;1600000;1760001;1936001;1760000;1600000;1600000;1600000
0;yes;16000000;1953.1250;3;3292.8190;33869611008;0,00;0,00;0,00;1600000;1760001;1936001;1760000;1600000;1600000;1600000
0;yes;16000000;1953.1250;4;3277.1280;33869557760;0,00;0,00;0,00;1600000;1760001;1936001;1760000;1600000;1600000;1600000
0;yes;16000000;1953.1250;5;3271.1230;33869557760;0,00;0,00;0,00;1600000;1760001;1936001;1760000;1600000;1600000;1600000
0;yes;16000000;1953.1250;6;3252.4310;33869557760;0,00;0,00;0,00;1600000;1760001;1936001;1760000;1600000;1600000;1600000
0;yes;16000000;1953.1250;7;3250.8370;33869672448;0,00;0,00;0,00;1600000;1760001;1936001;1760000;1600000;1600000;1600000
0;yes;16000000;1953.1250;8;3230.8140;33869672448;0,00;0,00;0,00;1600000;1760001;1936001;1760000;1600000;1600000;1600000
0;yes;16000000;1953.1250;9;3262.6640;33869672448;0,00;0,00;0,00;1600000;1760001;1936001;1760000;1600000;1600000;1600000
0;yes;16000000;1953.1250;10;3243.1040;33869668352;0,00;0,00;0,00;1600000;1760001;1936001;1760000;1600000;1600000;1600000
0;yes;16000000;1953.1250;11;3272.9440;33869668352;0,00;0,00;0,00;1600000;1760001;1936001;1760000;1600000;1600000;1600000
0;yes;16000000;1953.1250;12;3283.6060;33869668352;0,00;0,00;0,00;1600000;1760001;1936001;1760000;1600000;1600000;1600000
0;yes;16000000;1953.1250;13;3282.2130;33869668352;0,00;0,00;0,00;1600000;1760001;1936001;1760000;1600000;1600000;1600000
0;yes;16000000;1953.1250;14;3270.3900;33869668352;0,00;0,00;0,00;1600000;1760001;1936001;1760000;1600000;1600000;1600000
0;yes;16000000;1953.1250;15;3266.7630;33869611008;0,00;0,00;0,00;1600000;1760001;1936001;1760000;1600000;1600000;1600000
0;yes;16000000;1953.1250;16;3287.1510;33869598720;0,00;0,00;0,00;1600000;1760001;1936001;1760000;1600000;1600000;1600000
0;yes;16000000;1953.1250;17;3273.5230;33869598720;0,00;0,00;0,00;1600000;1760001;1936001;1760000;1600000;1600000;1600000
0;yes;16000000;1953.1250;18;3246.7550;33869598720;0,00;0,00;0,00;1600000;1760001;1936001;1760000;1600000;1600000;1600000
0;yes;16000000;1953.1250;19;3241.8750;33869598720;0,00;0,00;0,00;1600000;1760001;1936001;1760000;1600000;1600000;1600000
0;yes;16000000;1953.1250;20;3294.3880;33869598720;0,00;0,00;0,00;1600000;1760001;1936001;1760000;1600000;1600000;1600000
0;yes;16000000;1953.1250;21;3276.7660;33869598720;0,00;0,00;0,00;1600000;1760001;1936001;1760000;1600000;1600000;1600000
0;yes;16000000;1953.1250;22;3294.2650;33869586432;0,00;0,00;0,00;1600000;1760001;1936001;1760000;1600000;1600000;1600000
0;yes;16000000;1953.1250;23;3237.8250;33869586432;0,00;0,00;0,00;1600000;1760001;1936001;1760000;1600000;1600000;1600000
0;yes;16000000;1953.1250;24;3235.8970;33869586432;0,00;0,00;0,00;1600000;1760001;1936001;1760000;1600000;1600000;1600000
0;no;20000000;2441.4062;0;3659.1700;33869570048;0,00;0,00;0,00;2000000;2200001;2420001;2200000;2000000;2000000;2000000
0;no;20000000;2441.4062;1;3657.4030;33869570048;0,00;0,00;0,00;2000000;2200001;2420001;2200000;2000000;2000000;2000000
0;no;20000000;2441.4062;2;3736.8160;33869570048;0,00;0,00;0,00;2000000;2200001;2420001;2200000;2000000;2000000;2000000
0;no;20000000;2441.4062;3;3726.4340;33869570048;0,00;0,00;0,00;2000000;2200001;2420001;2200000;2000000;2000000;2000000
0;no;20000000;2441.4062;4;3691.5000;33869533184;0,00;0,00;0,00;2000000;2200001;2420001;2200000;2000000;2000000;2000000
0;no;20000000;2441.4062;5;3711.4170;33869533184;0,00;0,00;0,00;2000000;2200001;2420001;2200000;2000000;2000000;2000000
0;no;20000000;2441.4062;6;3710.2420;33869533184;0,00;0,00;0,00;2000000;2200001;2420001;2200000;2000000;2000000;2000000
0;no;20000000;2441.4062;7;3799.8070;33869533184;0,00;0,00;0,00;2000000;2200001;2420001;2200000;2000000;2000000;2000000
0;no;20000000;2441.4062;8;3772.8360;33869524992;0,00;0,00;0,00;2000000;2200001;2420001;2200000;2000000;2000000;2000000
0;no;20000000;2441.4062;9;3717.8470;33869524992;0,00;0,00;0,00;2000000;2200001;2420001;2200000;2000000;2000000;2000000
0;no;20000000;2441.4062;10;3740.7260;33869524992;0,00;0,00;0,00;2000000;2200001;2420001;2200000;2000000;2000000;2000000
0;no;20000000;2441.4062;11;3746.5850;33869484032;0,00;0,00;0,00;2000000;2200001;2420001;2200000;2000000;2000000;2000000
0;no;20000000;2441.4062;12;3758.1200;33869484032;0,00;0,00;0,00;2000000;2200001;2420001;2200000;2000000;2000000;2000000
0;no;20000000;2441.4062;13;3786.0710;32795742208;1024,00;2,50;1021,50;2000000;2200001;2420001;2200000;2000000;2000000;2000000
0;no;20000000;2441.4062;14;4066.7190;32795742208;1024,00;2,50;1021,50;2000000;2200001;2420001;2200000;2000000;2000000;2000000
0;no;20000000;2441.4062;15;4093.0220;32795742208;1024,00;2,50;1021,50;2000000;2200001;2420001;2200000;2000000;2000000;2000000
0;no;20000000;2441.4062;16;4107.5950;32795725824;1024,00;2,50;1021,50;2000000;2200001;2420001;2200000;2000000;2000000;2000000
0;no;20000000;2441.4062;17;4105.7420;32795725824;1024,00;2,50;1021,50;2000000;2200001;2420001;2200000;2000000;2000000;2000000
0;no;20000000;2441.4062;18;4094.9160;32795725824;1024,00;2,50;1021,50;2000000;2200001;2420001;2200000;2000000;2000000;2000000
0;no;20000000;2441.4062;19;4079.9140;32795688960;1024,00;2,50;1021,50;2000000;2200001;2420001;2200000;2000000;2000000;2000000
0;no;20000000;2441.4062;20;4123.6460;32795688960;1024,00;2,50;1021,50;2000000;2200001;2420001;2200000;2000000;2000000;2000000
0;no;20000000;2441.4062;21;4117.9220;32795688960;1024,00;2,50;1021,50;2000000;2200001;2420001;2200000;2000000;2000000;2000000
0;no;20000000;2441.4062;22;4134.6950;32795688960;1024,00;2,50;1021,50;2000000;2200001;2420001;2200000;2000000;2000000;2000000
0;no;20000000;2441.4062;23;4097.8410;32795676672;1024,00;2,50;1021,50;2000000;2200001;2420001;2200000;2000000;2000000;2000000
0;no;20000000;2441.4062;24;4095.6800;32795652096;1024,00;2,50;1021,50;2000000;2200001;2420001;2200000;2000000;2000000;2000000
0;yes;20000000;2441.4062;0;4106.9610;32795394048;1024,00;2,50;1021,50;2000000;2200001;2420001;2200000;2000000;2000000;2000000
0;yes;20000000;2441.4062;1;4156.0720;32795369472;1024,00;2,50;1021,50;2000000;2200001;2420001;2200000;2000000;2000000;2000000
0;yes;20000000;2441.4062;2;4110.2840;32795369472;1024,00;2,50;1021,50;2000000;2200001;2420001;2200000;2000000;2000000;2000000
0;yes;20000000;2441.4062;3;4100.2230;32795369472;1024,00;2,50;1021,50;2000000;2200001;2420001;2200000;2000000;2000000;2000000
0;yes;20000000;2441.4062;4;4119.9790;32795369472;1024,00;2,50;1021,50;2000000;2200001;2420001;2200000;2000000;2000000;2000000
0;yes;20000000;2441.4062;5;4130.9600;32795369472;1024,00;2,50;1021,50;2000000;2200001;2420001;2200000;2000000;2000000;2000000
0;yes;20000000;2441.4062;6;4143.1980;32795357184;1024,00;2,50;1021,50;2000000;2200001;2420001;2200000;2000000;2000000;2000000
0;yes;20000000;2441.4062;7;4107.0320;32795357184;1024,00;2,50;1021,50;2000000;2200001;2420001;2200000;2000000;2000000;2000000
0;yes;20000000;2441.4062;8;4135.5720;32795357184;1024,00;2,50;1021,50;2000000;2200001;2420001;2200000;2000000;2000000;2000000
0;yes;20000000;2441.4062;9;4123.9890;32795328512;1024,00;2,50;1021,50;2000000;2200001;2420001;2200000;2000000;2000000;2000000
0;yes;20000000;2441.4062;10;4174.8830;32795328512;1024,00;2,50;1021,50;2000000;2200001;2420001;2200000;2000000;2000000;2000000
0;yes;20000000;2441.4062;11;4112.2770;32795328512;1024,00;2,50;1021,50;2000000;2200001;2420001;2200000;2000000;2000000;2000000
0;yes;20000000;2441.4062;12;4112.0210;32795291648;1024,00;2,50;1021,50;2000000;2200001;2420001;2200000;2000000;2000000;2000000
0;yes;20000000;2441.4062;13;4161.8680;32795275264;1024,00;2,50;1021,50;2000000;2200001;2420001;2200000;2000000;2000000;2000000
0;yes;20000000;2441.4062;14;4058.1670;32795664384;1024,00;24,75;999,25;2000000;2200001;2420001;2200000;2000000;2000000;2000000
0;yes;20000000;2441.4062;15;4021.8800;32795660288;1024,00;287,50;736,50;2000000;2200001;2420001;2200000;2000000;2000000;2000000
0;yes;20000000;2441.4062;16;4001.3950;32795676672;1024,00;528,00;496,00;2000000;2200001;2420001;2200000;2000000;2000000;2000000
0;yes;20000000;2441.4062;17;4023.3910;31721955328;2048,00;804,00;1244,00;2000000;2200001;2420001;2200000;2000000;2000000;2000000
0;yes;20000000;2441.4062;18;3968.7180;31722016768;2048,00;1022,00;1026,00;2000000;2200001;2420001;2200000;2000000;2000000;2000000
0;yes;20000000;2441.4062;19;3998.2210;31722016768;2048,00;1474,25;573,75;2000000;2200001;2420001;2200000;2000000;2000000;2000000
0;yes;20000000;2441.4062;20;3957.2030;29574500352;4096,00;3008,25;1087,75;2000000;2200001;2420001;2200000;2000000;2000000;2000000
0;yes;20000000;2441.4062;21;3940.4330;28500742144;5120,00;4446,75;673,25;2000000;2200001;2420001;2200000;2000000;2000000;2000000
0;yes;20000000;2441.4062;22;3951.0360;27426910208;6144,00;5877,25;266,75;2000000;2200001;2420001;2200000;2000000;2000000;2000000
0;yes;20000000;2441.4062;23;3916.9690;25279381504;8192,00;7296,50;895,50;2000000;2200001;2420001;2200000;2000000;2000000;2000000
0;yes;20000000;2441.4062;24;3957.9310;23131840512;10240,00;8992,75;1247,25;2000000;2200001;2420001;2200000;2000000;2000000;2000000
0;no;24000000;2929.6875;0;4400.2670;32795488256;1024,00;29,50;994,50;2400000;2640001;2904001;2640000;2400000;2400000;2400000
0;no;24000000;2929.6875;1;4458.7560;32795512832;1024,00;29,50;994,50;2400000;2640001;2904001;2640000;2400000;2400000;2400000
0;no;24000000;2929.6875;2;4496.8710;32795504640;1024,00;29,50;994,50;2400000;2640001;2904001;2640000;2400000;2400000;2400000
0;no;24000000;2929.6875;3;4488.5810;32795467776;1024,00;29,50;994,50;2400000;2640001;2904001;2640000;2400000;2400000;2400000
0;no;24000000;2929.6875;4;4527.7420;32795467776;1024,00;29,50;994,50;2400000;2640001;2904001;2640000;2400000;2400000;2400000
0;no;24000000;2929.6875;5;4504.2990;32795467776;1024,00;29,50;994,50;2400000;2640001;2904001;2640000;2400000;2400000;2400000
0;no;24000000;2929.6875;6;4524.1670;32795467776;1024,00;29,50;994,50;2400000;2640001;2904001;2640000;2400000;2400000;2400000
0;no;24000000;2929.6875;7;4493.5620;32795467776;1024,00;29,50;994,50;2400000;2640001;2904001;2640000;2400000;2400000;2400000
0;no;24000000;2929.6875;8;4518.6930;32795467776;1024,00;29,50;994,50;2400000;2640001;2904001;2640000;2400000;2400000;2400000
0;no;24000000;2929.6875;9;4502.4500;32795455488;1024,00;29,50;994,50;2400000;2640001;2904001;2640000;2400000;2400000;2400000
0;no;24000000;2929.6875;10;4501.8140;32795455488;1024,00;29,50;994,50;2400000;2640001;2904001;2640000;2400000;2400000;2400000
0;no;24000000;2929.6875;11;4594.0710;32795455488;1024,00;29,50;994,50;2400000;2640001;2904001;2640000;2400000;2400000;2400000
0;no;24000000;2929.6875;12;4956.1930;32795455488;1024,00;29,50;994,50;2400000;2640001;2904001;2640000;2400000;2400000;2400000
0;no;24000000;2929.6875;13;4938.3100;32795455488;1024,00;29,50;994,50;2400000;2640001;2904001;2640000;2400000;2400000;2400000
0;no;24000000;2929.6875;14;4964.1740;32795418624;1024,00;29,50;994,50;2400000;2640001;2904001;2640000;2400000;2400000;2400000
0;no;24000000;2929.6875;15;4962.8980;32795406336;1024,00;29,50;994,50;2400000;2640001;2904001;2640000;2400000;2400000;2400000
0;no;24000000;2929.6875;16;4918.4830;32795406336;1024,00;29,50;994,50;2400000;2640001;2904001;2640000;2400000;2400000;2400000
0;no;24000000;2929.6875;17;4954.3580;32795406336;1024,00;29,50;994,50;2400000;2640001;2904001;2640000;2400000;2400000;2400000
0;no;24000000;2929.6875;18;4906.2070;32795406336;1024,00;29,50;994,50;2400000;2640001;2904001;2640000;2400000;2400000;2400000
0;no;24000000;2929.6875;19;4973.7140;32795406336;1024,00;29,50;994,50;2400000;2640001;2904001;2640000;2400000;2400000;2400000
0;no;24000000;2929.6875;20;4934.5710;32795406336;1024,00;29,50;994,50;2400000;2640001;2904001;2640000;2400000;2400000;2400000
0;no;24000000;2929.6875;21;4948.4640;32795406336;1024,00;29,50;994,50;2400000;2640001;2904001;2640000;2400000;2400000;2400000
0;no;24000000;2929.6875;22;4948.4020;32795537408;1024,00;29,50;994,50;2400000;2640001;2904001;2640000;2400000;2400000;2400000
0;no;24000000;2929.6875;23;4927.8060;32795537408;1024,00;29,50;994,50;2400000;2640001;2904001;2640000;2400000;2400000;2400000
0;no;24000000;2929.6875;24;4835.9440;32800874496;1024,00;29,50;994,50;2400000;2640001;2904001;2640000;2400000;2400000;2400000
0;yes;24000000;2929.6875;0;4819.7920;32800874496;1024,00;29,50;994,50;2400000;2640001;2904001;2640000;2400000;2400000;2400000
0;yes;24000000;2929.6875;1;4787.2440;32800874496;1024,00;29,50;994,50;2400000;2640001;2904001;2640000;2400000;2400000;2400000
0;yes;24000000;2929.6875;2;4837.1110;32800837632;1024,00;29,50;994,50;2400000;2640001;2904001;2640000;2400000;2400000;2400000
0;yes;24000000;2929.6875;3;4790.5140;32800825344;1024,00;29,50;994,50;2400000;2640001;2904001;2640000;2400000;2400000;2400000
0;yes;24000000;2929.6875;4;4794.1280;32800825344;1024,00;29,50;994,50;2400000;2640001;2904001;2640000;2400000;2400000;2400000
0;yes;24000000;2929.6875;5;4786.2930;32800821248;1024,00;29,50;994,50;2400000;2640001;2904001;2640000;2400000;2400000;2400000
0;yes;24000000;2929.6875;6;4854.4520;32800813056;1024,00;29,50;994,50;2400000;2640001;2904001;2640000;2400000;2400000;2400000
0;yes;24000000;2929.6875;7;4855.0650;32800808960;1024,00;29,50;994,50;2400000;2640001;2904001;2640000;2400000;2400000;2400000
0;yes;24000000;2929.6875;8;4859.1070;32800821248;1024,00;29,50;994,50;2400000;2640001;2904001;2640000;2400000;2400000;2400000
0;yes;24000000;2929.6875;9;4887.4550;32800759808;1024,00;29,50;994,50;2400000;2640001;2904001;2640000;2400000;2400000;2400000
0;yes;24000000;2929.6875;10;4826.8430;32800751616;1024,00;236,00;788,00;2400000;2640001;2904001;2640000;2400000;2400000;2400000
0;yes;24000000;2929.6875;11;4754.4210;32800616448;1024,00;528,25;495,75;2400000;2640001;2904001;2640000;2400000;2400000;2400000
0;yes;24000000;2929.6875;12;4773.9150;31726567424;2048,00;820,50;1227,50;2400000;2640001;2904001;2640000;2400000;2400000;2400000
0;yes;24000000;2929.6875;13;4762.3860;31726510080;2048,00;1130,00;918,00;2400000;2640001;2904001;2640000;2400000;2400000;2400000
0;yes;24000000;2929.6875;14;4687.2500;30652723200;3072,00;2183,75;888,25;2400000;2640001;2904001;2640000;2400000;2400000;2400000
0;yes;24000000;2929.6875;15;4733.6770;28505210880;5120,00;3856,50;1263,50;2400000;2640001;2904001;2640000;2400000;2400000;2400000
0;yes;24000000;2929.6875;16;4763.6760;27431452672;6144,00;5892,50;251,50;2400000;2640001;2904001;2640000;2400000;2400000;2400000
0;yes;24000000;2929.6875;17;4710.4360;25283969024;8192,00;7721,25;470,75;2400000;2640001;2904001;2640000;2400000;2400000;2400000
0;yes;24000000;2929.6875;18;4750.7400;23136477184;10240,00;9688,50;551,50;2400000;2640001;2904001;2640000;2400000;2400000;2400000
0;yes;24000000;2929.6875;19;4400.9310;22062735360;11264,00;10029,25;1234,75;2400000;2640001;2904001;2640000;2400000;2400000;2400000
0;yes;24000000;2929.6875;20;4344.5640;22062735360;11264,00;10029,25;1234,75;2400000;2640001;2904001;2640000;2400000;2400000;2400000
0;yes;24000000;2929.6875;21;4292.4280;22062698496;11264,00;10029,25;1234,75;2400000;2640001;2904001;2640000;2400000;2400000;2400000
0;yes;24000000;2929.6875;22;4710.7050;22062682112;11264,00;10260,25;1003,75;2400000;2640001;2904001;2640000;2400000;2400000;2400000
0;yes;24000000;2929.6875;23;4671.9180;22062706688;11264,00;10542,75;721,25;2400000;2640001;2904001;2640000;2400000;2400000;2400000
0;yes;24000000;2929.6875;24;4932.5070;22062440448;11264,00;10848,25;415,75;2400000;2640001;2904001;2640000;2400000;2400000;2400000
0;no;28000000;3417.9688;0;5010.0050;32799834112;1024,00;34,25;989,75;2800000;3080001;3388001;3080000;2800000;2800000;2800000
0;no;28000000;3417.9688;1;5044.1140;32799834112;1024,00;34,25;989,75;2800000;3080001;3388001;3080000;2800000;2800000;2800000
0;no;28000000;3417.9688;2;5049.1440;32799793152;1024,00;34,25;989,75;2800000;3080001;3388001;3080000;2800000;2800000;2800000
0;no;28000000;3417.9688;3;5017.2820;32799731712;1024,00;34,25;989,75;2800000;3080001;3388001;3080000;2800000;2800000;2800000
0;no;28000000;3417.9688;4;5083.8470;32799637504;1024,00;34,25;989,75;2800000;3080001;3388001;3080000;2800000;2800000;2800000
0;no;28000000;3417.9688;5;5074.8810;32799621120;1024,00;34,25;989,75;2800000;3080001;3388001;3080000;2800000;2800000;2800000
0;no;28000000;3417.9688;6;5050.7240;32799645696;1024,00;34,25;989,75;2800000;3080001;3388001;3080000;2800000;2800000;2800000
0;no;28000000;3417.9688;7;5025.7480;32799645696;1024,00;34,25;989,75;2800000;3080001;3388001;3080000;2800000;2800000;2800000
0;no;28000000;3417.9688;8;5023.5420;32799645696;1024,00;34,25;989,75;2800000;3080001;3388001;3080000;2800000;2800000;2800000
0;no;28000000;3417.9688;9;5038.8140;32799637504;1024,00;34,25;989,75;2800000;3080001;3388001;3080000;2800000;2800000;2800000
0;no;28000000;3417.9688;10;5504.4470;32799637504;1024,00;34,25;989,75;2800000;3080001;3388001;3080000;2800000;2800000;2800000
0;no;28000000;3417.9688;11;5647.3580;32799633408;1024,00;34,25;989,75;2800000;3080001;3388001;3080000;2800000;2800000;2800000
0;no;28000000;3417.9688;12;5650.1930;32799596544;1024,00;34,25;989,75;2800000;3080001;3388001;3080000;2800000;2800000;2800000
0;no;28000000;3417.9688;13;5656.3580;32799596544;1024,00;34,25;989,75;2800000;3080001;3388001;3080000;2800000;2800000;2800000
0;no;28000000;3417.9688;14;5605.8310;32799584256;1024,00;34,25;989,75;2800000;3080001;3388001;3080000;2800000;2800000;2800000
0;no;28000000;3417.9688;15;5654.5000;32799584256;1024,00;34,25;989,75;2800000;3080001;3388001;3080000;2800000;2800000;2800000
0;no;28000000;3417.9688;16;5619.4210;32799584256;1024,00;34,25;989,75;2800000;3080001;3388001;3080000;2800000;2800000;2800000
0;no;28000000;3417.9688;17;5613.3460;32799584256;1024,00;34,25;989,75;2800000;3080001;3388001;3080000;2800000;2800000;2800000
0;no;28000000;3417.9688;18;5603.9370;32799584256;1024,00;34,25;989,75;2800000;3080001;3388001;3080000;2800000;2800000;2800000
0;no;28000000;3417.9688;19;5623.9680;32799584256;1024,00;34,25;989,75;2800000;3080001;3388001;3080000;2800000;2800000;2800000
0;no;28000000;3417.9688;20;5625.8670;32799522816;1024,00;34,25;989,75;2800000;3080001;3388001;3080000;2800000;2800000;2800000
0;no;28000000;3417.9688;21;5632.8310;32799522816;1024,00;34,25;989,75;2800000;3080001;3388001;3080000;2800000;2800000;2800000
0;no;28000000;3417.9688;22;5581.0110;32799522816;1024,00;34,25;989,75;2800000;3080001;3388001;3080000;2800000;2800000;2800000
0;no;28000000;3417.9688;23;5674.0860;32799522816;1024,00;34,25;989,75;2800000;3080001;3388001;3080000;2800000;2800000;2800000
0;no;28000000;3417.9688;24;5671.3300;32799522816;1024,00;34,25;989,75;2800000;3080001;3388001;3080000;2800000;2800000;2800000
0;yes;28000000;3417.9688;0;5621.8560;32799498240;1024,00;34,25;989,75;2800000;3080001;3388001;3080000;2800000;2800000;2800000
0;yes;28000000;3417.9688;1;5679.2300;32799498240;1024,00;34,25;989,75;2800000;3080001;3388001;3080000;2800000;2800000;2800000
0;yes;28000000;3417.9688;2;5685.8880;32799461376;1024,00;34,25;989,75;2800000;3080001;3388001;3080000;2800000;2800000;2800000
0;yes;28000000;3417.9688;3;5703.2190;32799526912;1024,00;34,25;989,75;2800000;3080001;3388001;3080000;2800000;2800000;2800000
0;yes;28000000;3417.9688;4;5608.2940;32799416320;1024,00;312,25;711,75;2800000;3080001;3388001;3080000;2800000;2800000;2800000
0;yes;28000000;3417.9688;5;5524.7630;32799383552;1024,00;643,75;380,25;2800000;3080001;3388001;3080000;2800000;2800000;2800000
0;yes;28000000;3417.9688;6;5495.7500;31725641728;2048,00;981,25;1066,75;2800000;3080001;3388001;3080000;2800000;2800000;2800000
0;yes;28000000;3417.9688;7;5559.7590;31725621248;2048,00;1421,50;626,50;2800000;3080001;3388001;3080000;2800000;2800000;2800000
0;yes;28000000;3417.9688;8;5531.9540;29578039296;4096,00;3552,00;544,00;2800000;3080001;3388001;3080000;2800000;2800000;2800000
0;yes;28000000;3417.9688;9;5539.8640;27430498304;6144,00;5766,50;377,50;2800000;3080001;3388001;3080000;2800000;2800000;2800000
0;yes;28000000;3417.9688;10;5519.9930;25283010560;8192,00;7918,25;273,75;2800000;3080001;3388001;3080000;2800000;2800000;2800000
0;yes;28000000;3417.9688;11;5525.0770;22061785088;11264,00;10095,25;1168,75;2800000;3080001;3388001;3080000;2800000;2800000;2800000
0;yes;28000000;3417.9688;12;5054.6430;22061785088;11264,00;10152,50;1111,50;2800000;3080001;3388001;3080000;2800000;2800000;2800000
0;yes;28000000;3417.9688;13;5043.7700;22061506560;11264,00;10152,50;1111,50;2800000;3080001;3388001;3080000;2800000;2800000;2800000
0;yes;28000000;3417.9688;14;5211.7630;22061506560;11264,00;10262,50;1001,50;2800000;3080001;3388001;3080000;2800000;2800000;2800000
0;yes;28000000;3417.9688;15;5438.5450;22061506560;11264,00;10583,75;680,25;2800000;3080001;3388001;3080000;2800000;2800000;2800000
0;yes;28000000;3417.9688;16;5420.7710;22061506560;11264,00;10876,50;387,50;2800000;3080001;3388001;3080000;2800000;2800000;2800000
0;yes;28000000;3417.9688;17;5440.3080;20987908096;12288,00;11212,25;1075,75;2800000;3080001;3388001;3080000;2800000;2800000;2800000
0;yes;28000000;3417.9688;18;5448.1440;20987908096;12288,00;11570,00;718,00;2800000;3080001;3388001;3080000;2800000;2800000;2800000
0;yes;28000000;3417.9688;19;5415.0700;20987908096;12288,00;11865,75;422,25;2800000;3080001;3388001;3080000;2800000;2800000;2800000
0;yes;28000000;3417.9688;20;5456.2650;19914145792;13312,00;12145,75;1166,25;2800000;3080001;3388001;3080000;2800000;2800000;2800000
0;yes;28000000;3417.9688;21;5437.5540;19914145792;13312,00;12477,25;834,75;2800000;3080001;3388001;3080000;2800000;2800000;2800000
0;yes;28000000;3417.9688;22;5435.5440;19914133504;13312,00;12816,75;495,25;2800000;3080001;3388001;3080000;2800000;2800000;2800000
0;yes;28000000;3417.9688;23;5453.2240;18840391680;14336,00;13128,50;1207,50;2800000;3080001;3388001;3080000;2800000;2800000;2800000
0;yes;28000000;3417.9688;24;5431.7180;18840391680;14336,00;13436,75;899,25;2800000;3080001;3388001;3080000;2800000;2800000;2800000
0;no;32000000;3906.2500;0;6084.2620;32798752768;1024,00;6,75;1017,25;3200000;3520001;3872001;3520000;3200000;3200000;3200000
0;no;32000000;3906.2500;1;5802.5270;32798683136;1024,00;6,75;1017,25;3200000;3520001;3872001;3520000;3200000;3200000;3200000
0;no;32000000;3906.2500;2;5829.1950;32798670848;1024,00;6,75;1017,25;3200000;3520001;3872001;3520000;3200000;3200000;3200000
0;no;32000000;3906.2500;3;5860.8070;32798633984;1024,00;6,75;1017,25;3200000;3520001;3872001;3520000;3200000;3200000;3200000
0;no;32000000;3906.2500;4;5802.1060;32798547968;1024,00;6,75;1017,25;3200000;3520001;3872001;3520000;3200000;3200000;3200000
0;no;32000000;3906.2500;5;5821.0890;32798523392;1024,00;6,75;1017,25;3200000;3520001;3872001;3520000;3200000;3200000;3200000
0;no;32000000;3906.2500;6;5747.7300;32798511104;1024,00;6,75;1017,25;3200000;3520001;3872001;3520000;3200000;3200000;3200000
0;no;32000000;3906.2500;7;5748.3180;32798498816;1024,00;6,75;1017,25;3200000;3520001;3872001;3520000;3200000;3200000;3200000
0;no;32000000;3906.2500;8;5860.2490;32798498816;1024,00;6,75;1017,25;3200000;3520001;3872001;3520000;3200000;3200000;3200000
0;no;32000000;3906.2500;9;6493.3220;32798498816;1024,00;6,75;1017,25;3200000;3520001;3872001;3520000;3200000;3200000;3200000
0;no;32000000;3906.2500;10;6407.3100;32798498816;1024,00;6,75;1017,25;3200000;3520001;3872001;3520000;3200000;3200000;3200000
0;no;32000000;3906.2500;11;6428.3900;32798494720;1024,00;6,75;1017,25;3200000;3520001;3872001;3520000;3200000;3200000;3200000
0;no;32000000;3906.2500;12;6444.2230;32798445568;1024,00;6,75;1017,25;3200000;3520001;3872001;3520000;3200000;3200000;3200000
0;no;32000000;3906.2500;13;6420.9030;32798445568;1024,00;6,75;1017,25;3200000;3520001;3872001;3520000;3200000;3200000;3200000
0;no;32000000;3906.2500;14;6426.8250;32798445568;1024,00;6,75;1017,25;3200000;3520001;3872001;3520000;3200000;3200000;3200000
0;no;32000000;3906.2500;15;6411.0290;32798445568;1024,00;6,75;1017,25;3200000;3520001;3872001;3520000;3200000;3200000;3200000
0;no;32000000;3906.2500;16;6491.8100;32798437376;1024,00;6,75;1017,25;3200000;3520001;3872001;3520000;3200000;3200000;3200000
0;no;32000000;3906.2500;17;6760.1390;32798191616;1024,00;6,75;1017,25;3200000;3520001;3872001;3520000;3200000;3200000;3200000
0;no;32000000;3906.2500;18;6588.8240;32798191616;1024,00;6,75;1017,25;3200000;3520001;3872001;3520000;3200000;3200000;3200000
0;no;32000000;3906.2500;19;6551.0650;32798191616;1024,00;6,75;1017,25;3200000;3520001;3872001;3520000;3200000;3200000;3200000
0;no;32000000;3906.2500;20;6614.7170;32798154752;1024,00;6,75;1017,25;3200000;3520001;3872001;3520000;3200000;3200000;3200000
0;no;32000000;3906.2500;21;6608.8970;32798138368;1024,00;6,75;1017,25;3200000;3520001;3872001;3520000;3200000;3200000;3200000
0;no;32000000;3906.2500;22;6599.2380;32798138368;1024,00;6,75;1017,25;3200000;3520001;3872001;3520000;3200000;3200000;3200000
0;no;32000000;3906.2500;23;6697.7450;32798138368;1024,00;6,75;1017,25;3200000;3520001;3872001;3520000;3200000;3200000;3200000
0;no;32000000;3906.2500;24;6716.4160;32798134272;1024,00;6,75;1017,25;3200000;3520001;3872001;3520000;3200000;3200000;3200000
0;yes;32000000;3906.2500;0;6750.9490;32798093312;1024,00;6,75;1017,25;3200000;3520001;3872001;3520000;3200000;3200000;3200000
0;yes;32000000;3906.2500;1;6667.9340;32798154752;1024,00;6,75;1017,25;3200000;3520001;3872001;3520000;3200000;3200000;3200000
0;yes;32000000;3906.2500;2;6582.9260;32798162944;1024,00;321,00;703,00;3200000;3520001;3872001;3520000;3200000;3200000;3200000
0;yes;32000000;3906.2500;3;6550.9910;32798027776;1024,00;718,75;305,25;3200000;3520001;3872001;3520000;3200000;3200000;3200000
0;yes;32000000;3906.2500;4;6487.3730;31724285952;2048,00;1100,00;948,00;3200000;3520001;3872001;3520000;3200000;3200000;3200000
0;yes;32000000;3906.2500;5;6418.5120;30650474496;3072,00;2337,00;735,00;3200000;3520001;3872001;3520000;3200000;3200000;3200000
0;yes;32000000;3906.2500;6;6475.0860;28502937600;5120,00;4618,00;502,00;3200000;3520001;3872001;3520000;3200000;3200000;3200000
0;yes;32000000;3906.2500;7;6437.8770;25281658880;8192,00;6947,50;1244,50;3200000;3520001;3872001;3520000;3200000;3200000;3200000
0;yes;32000000;3906.2500;8;6451.4440;23134175232;10240,00;9359,00;881,00;3200000;3520001;3872001;3520000;3200000;3200000;3200000
0;yes;32000000;3906.2500;9;6094.0050;22060175360;11264,00;10043,50;1220,50;3200000;3520001;3872001;3520000;3200000;3200000;3200000
0;yes;32000000;3906.2500;10;5946.9070;22060175360;11264,00;10043,50;1220,50;3200000;3520001;3872001;3520000;3200000;3200000;3200000
0;yes;32000000;3906.2500;11;6309.8040;22060175360;11264,00;10317,00;947,00;3200000;3520001;3872001;3520000;3200000;3200000;3200000
0;yes;32000000;3906.2500;12;6432.1850;22060138496;11264,00;10722,75;541,25;3200000;3520001;3872001;3520000;3200000;3200000;3200000
0;yes;32000000;3906.2500;13;6505.6200;20986396672;12288,00;11168,75;1119,25;3200000;3520001;3872001;3520000;3200000;3200000;3200000
0;yes;32000000;3906.2500;14;6520.7450;20986396672;12288,00;11594,00;694,00;3200000;3520001;3872001;3520000;3200000;3200000;3200000
0;yes;32000000;3906.2500;15;6513.8950;19912654848;13312,00;12067,25;1244,75;3200000;3520001;3872001;3520000;3200000;3200000;3200000
0;yes;32000000;3906.2500;16;6552.0690;19912654848;13312,00;12533,25;778,75;3200000;3520001;3872001;3520000;3200000;3200000;3200000
0;yes;32000000;3906.2500;17;6537.5510;19912617984;13312,00;12993,50;318,50;3200000;3520001;3872001;3520000;3200000;3200000;3200000
0;yes;32000000;3906.2500;18;6455.7180;18838876160;14336,00;13446,00;890,00;3200000;3520001;3872001;3520000;3200000;3200000;3200000
0;yes;32000000;3906.2500;19;6495.4800;18838876160;14336,00;13908,75;427,25;3200000;3520001;3872001;3520000;3200000;3200000;3200000
0;yes;32000000;3906.2500;20;6442.1160;17765134336;15360,00;14358,25;1001,75;3200000;3520001;3872001;3520000;3200000;3200000;3200000
0;yes;32000000;3906.2500;21;6451.4210;17765134336;15360,00;14753,75;606,25;3200000;3520001;3872001;3520000;3200000;3200000;3200000
0;yes;32000000;3906.2500;22;6417.4750;17765130240;15360,00;15088,25;271,75;3200000;3520001;3872001;3520000;3200000;3200000;3200000
0;yes;32000000;3906.2500;23;6433.5150;16691388416;16384,00;15434,75;949,25;3200000;3520001;3872001;3520000;3200000;3200000;3200000
0;yes;32000000;3906.2500;24;6465.1820;16691388416;16384,00;15810,25;573,75;3200000;3520001;3872001;3520000;3200000;3200000;3200000
0;no;36000000;4394.5312;0;6754.7470;32797478912;1024,00;71,00;953,00;3600000;3960001;4356001;3960000;3600000;3600000;3600000
0;no;36000000;4394.5312;1;6712.5070;32797470720;1024,00;71,00;953,00;3600000;3960001;4356001;3960000;3600000;3600000;3600000
0;no;36000000;4394.5312;2;6701.5650;32797470720;1024,00;71,00;953,00;3600000;3960001;4356001;3960000;3600000;3600000;3600000
0;no;36000000;4394.5312;3;6802.6770;32797470720;1024,00;71,00;953,00;3600000;3960001;4356001;3960000;3600000;3600000;3600000
0;no;36000000;4394.5312;4;6804.3590;32797433856;1024,00;71,00;953,00;3600000;3960001;4356001;3960000;3600000;3600000;3600000
0;no;36000000;4394.5312;5;6796.0260;32797429760;1024,00;71,00;953,00;3600000;3960001;4356001;3960000;3600000;3600000;3600000
0;no;36000000;4394.5312;6;6812.5220;32797429760;1024,00;71,00;953,00;3600000;3960001;4356001;3960000;3600000;3600000;3600000
0;no;36000000;4394.5312;7;6875.2890;32797429760;1024,00;71,00;953,00;3600000;3960001;4356001;3960000;3600000;3600000;3600000
0;no;36000000;4394.5312;8;7434.0240;32797429760;1024,00;71,00;953,00;3600000;3960001;4356001;3960000;3600000;3600000;3600000
0;no;36000000;4394.5312;9;7437.7910;32797392896;1024,00;71,00;953,00;3600000;3960001;4356001;3960000;3600000;3600000;3600000
0;no;36000000;4394.5312;10;7441.8400;32797392896;1024,00;71,00;953,00;3600000;3960001;4356001;3960000;3600000;3600000;3600000
0;no;36000000;4394.5312;11;7426.8680;32797368320;1024,00;71,00;953,00;3600000;3960001;4356001;3960000;3600000;3600000;3600000
0;no;36000000;4394.5312;12;7372.0060;32797368320;1024,00;71,00;953,00;3600000;3960001;4356001;3960000;3600000;3600000;3600000
0;no;36000000;4394.5312;13;7388.7690;32797368320;1024,00;71,00;953,00;3600000;3960001;4356001;3960000;3600000;3600000;3600000
0;no;36000000;4394.5312;14;7423.4020;32797331456;1024,00;71,00;953,00;3600000;3960001;4356001;3960000;3600000;3600000;3600000
0;no;36000000;4394.5312;15;7412.1740;32797331456;1024,00;71,00;953,00;3600000;3960001;4356001;3960000;3600000;3600000;3600000
0;no;36000000;4394.5312;16;7436.4320;32797331456;1024,00;71,00;953,00;3600000;3960001;4356001;3960000;3600000;3600000;3600000
0;no;36000000;4394.5312;17;7557.4620;32797331456;1024,00;22,25;1001,75;3600000;3960001;4356001;3960000;3600000;3600000;3600000
0;no;36000000;4394.5312;18;7524.8820;32797331456;1024,00;22,25;1001,75;3600000;3960001;4356001;3960000;3600000;3600000;3600000
0;no;36000000;4394.5312;19;7519.6940;32797327360;1024,00;22,25;1001,75;3600000;3960001;4356001;3960000;3600000;3600000;3600000
0;no;36000000;4394.5312;20;7594.7630;32797319168;1024,00;22,25;1001,75;3600000;3960001;4356001;3960000;3600000;3600000;3600000
0;no;36000000;4394.5312;21;7572.8050;32797339648;1024,00;22,25;1001,75;3600000;3960001;4356001;3960000;3600000;3600000;3600000
0;no;36000000;4394.5312;22;7516.8180;32797253632;1024,00;173,75;850,25;3600000;3960001;4356001;3960000;3600000;3600000;3600000
0;no;36000000;4394.5312;23;7441.9180;32796876800;1024,00;598,25;425,75;3600000;3960001;4356001;3960000;3600000;3600000;3600000
0;no;36000000;4394.5312;24;7459.7600;31723032576;2048,00;1049,75;998,25;3600000;3960001;4356001;3960000;3600000;3600000;3600000
0;yes;36000000;4394.5312;0;7306.8540;30649196544;3072,00;2510,50;561,50;3600000;3960001;4356001;3960000;3600000;3600000;3600000
0;yes;36000000;4394.5312;1;7292.9480;27427971072;6144,00;5257,50;886,50;3600000;3960001;4356001;3960000;3600000;3600000;3600000
0;yes;36000000;4394.5312;2;7265.4490;24206729216;9216,00;8088,00;1128,00;3600000;3960001;4356001;3960000;3600000;3600000;3600000
0;yes;36000000;4394.5312;3;7134.1420;22059245568;11264,00;10090,25;1173,75;3600000;3960001;4356001;3960000;3600000;3600000;3600000
0;yes;36000000;4394.5312;4;6738.4150;22059208704;11264,00;10090,25;1173,75;3600000;3960001;4356001;3960000;3600000;3600000;3600000
0;yes;36000000;4394.5312;5;6895.0870;22059208704;11264,00;10184,75;1079,25;3600000;3960001;4356001;3960000;3600000;3600000;3600000
0;yes;36000000;4394.5312;6;7351.1750;22059225088;11264,00;10613,00;651,00;3600000;3960001;4356001;3960000;3600000;3600000;3600000
0;yes;36000000;4394.5312;7;7317.2020;200;no;40000000;4882.8125;0;7538.3970;32796069888;1024,00;124,25;899,75;4000000;4400001;4840001;4400000;4000000;4000000;4000000
0;no;40000000;4882.8125;1;7528.1390;32796069888;1024,00;124,25;899,75;4000000;4400001;4840001;4400000;4000000;4000000;4000000
0;no;40000000;4882.8125;2;7541.0610;32796033024;1024,00;124,25;899,75;4000000;4400001;4840001;4400000;4000000;4000000;4000000
0;no;40000000;4882.8125;3;7563.3580;32796033024;1024,00;124,25;899,75;4000000;4400001;4840001;4400000;4000000;4000000;4000000
0;no;40000000;4882.8125;4;7557.1300;32796024832;1024,00;24,00;1000,00;4000000;4400001;4840001;4400000;4000000;4000000;4000000
0;no;40000000;4882.8125;5;7519.0030;32796024832;1024,00;24,00;1000,00;4000000;4400001;4840001;4400000;4000000;4000000;4000000
0;no;40000000;4882.8125;6;7510.3670;32796024832;1024,00;24,75;999,25;4000000;4400001;4840001;4400000;4000000;4000000;4000000
0;no;40000000;4882.8125;7;8230.4150;32796024832;1024,00;24,75;999,25;4000000;4400001;4840001;4400000;4000000;4000000;4000000
0;no;40000000;4882.8125;8;8248.6060;32795987968;1024,00;24,75;999,25;4000000;4400001;4840001;4400000;4000000;4000000;4000000
0;no;40000000;4882.8125;9;8258.9630;32795987968;1024,00;24,75;999,25;4000000;4400001;4840001;4400000;4000000;4000000;4000000
0;no;40000000;4882.8125;10;8304.5870;32795987968;1024,00;24,75;999,25;4000000;4400001;4840001;4400000;4000000;4000000;4000000
0;no;40000000;4882.8125;11;8387.2950;32795987968;1024,00;24,75;999,25;4000000;4400001;4840001;4400000;4000000;4000000;4000000
0;no;40000000;4882.8125;12;8349.1190;32795987968;1024,00;24,75;999,25;4000000;4400001;4840001;4400000;4000000;4000000;4000000
0;no;40000000;4882.8125;13;8312.3430;32795725824;1024,00;24,75;999,25;4000000;4400001;4840001;4400000;4000000;4000000;4000000
0;no;40000000;4882.8125;14;8330.5760;32795725824;1024,00;24,75;999,25;4000000;4400001;4840001;4400000;4000000;4000000;4000000
0;no;40000000;4882.8125;15;8548.0330;32795725824;1024,00;24,75;999,25;4000000;4400001;4840001;4400000;4000000;4000000;4000000
0;no;40000000;4882.8125;16;8290.6080;32795725824;1024,00;24,75;999,25;4000000;4400001;4840001;4400000;4000000;4000000;4000000
0;no;40000000;4882.8125;17;8329.4100;32795725824;1024,00;24,75;999,25;4000000;4400001;4840001;4400000;4000000;4000000;4000000
0;no;40000000;4882.8125;18;8283.9370;32795709440;1024,00;24,75;999,25;4000000;4400001;4840001;4400000;4000000;4000000;4000000
0;no;40000000;4882.8125;19;8322.5960;32795787264;1024,00;24,75;999,25;4000000;4400001;4840001;4400000;4000000;4000000;4000000
0;no;40000000;4882.8125;20;8178.7130;32795701248;1024,00;548,50;475,50;4000000;4400001;4840001;4400000;4000000;4000000;4000000
0;no;40000000;4882.8125;21;8184.0520;31721885696;2048,00;1031,00;1017,00;4000000;4400001;4840001;4400000;4000000;4000000;4000000
0;no;40000000;4882.8125;22;8139.2780;30648057856;3072,00;2218,50;853,50;4000000;4400001;4840001;4400000;4000000;4000000;4000000
0;no;40000000;4882.8125;23;8092.6000;27426762752;6144,00;5391,75;752,25;4000000;4400001;4840001;4400000;4000000;4000000;4000000
0;no;40000000;4882.8125;24;8176.0550;24205516800;9216,00;8534,75;681,25;4000000;4400001;4840001;4400000;4000000;4000000;4000000
0;yes;40000000;4882.8125;0;7828.3520;22058016768;11264,00;10137,00;1127,00;4000000;4400001;4840001;4400000;4000000;4000000;4000000
0;yes;40000000;4882.8125;1;7572.4920;22058016768;11264,00;10137,00;1127,00;4000000;4400001;4840001;4400000;4000000;4000000;4000000
0;yes;40000000;4882.8125;2;7956.3240;22058016768;11264,00;10479,75;784,25;4000000;4400001;4840001;4400000;4000000;4000000;4000000
0;yes;40000000;4882.8125;3;8190.4180;22058004480;11264,00;10949,25;314,75;4000000;4400001;4840001;4400000;4000000;4000000;4000000
0;yes;40000000;4882.8125;4;8095.2420;20984258560;12288,00;11421,25;866,75;4000000;4400001;4840001;4400000;4000000;4000000;4000000
0;yes;40000000;4882.8125;5;8082.2370;20984258560;12288,00;11876,25;411,75;4000000;4400001;4840001;4400000;4000000;4000000;4000000
0;yes;40000000;4882.8125;6;8023.2730;19910516736;13312,00;12340,00;972,00;4000000;4400001;4840001;4400000;4000000;4000000;4000000
0;yes;40000000;4882.8125;7;70;no;44000000;5371.0938;0;8296.3190;32795377664;1024,00;43,00;981,00;4400000;4840001;5324001;4840000;4400000;4400000;4400000
0;no;44000000;5371.0938;1;8205.8030;32795373568;1024,00;43,00;981,00;4400000;4840001;5324001;4840000;4400000;4400000;4400000
0;no;44000000;5371.0938;2;8193.3020;32795336704;1024,00;43,00;981,00;4400000;4840001;5324001;4840000;4400000;4400000;4400000
0;no;44000000;5371.0938;3;8198.3250;32795336704;1024,00;43,00;981,00;4400000;4840001;5324001;4840000;4400000;4400000;4400000
0;no;44000000;5371.0938;4;8222.0280;32795336704;1024,00;43,00;981,00;4400000;4840001;5324001;4840000;4400000;4400000;4400000
0;no;44000000;5371.0938;5;8245.3050;32795074560;1024,00;43,00;981,00;4400000;4840001;5324001;4840000;4400000;4400000;4400000
0;no;44000000;5371.0938;6;8865.5790;32795037696;1024,00;43,00;981,00;4400000;4840001;5324001;4840000;4400000;4400000;4400000
0;no;44000000;5371.0938;7;9289.1960;32795037696;1024,00;43,00;981,00;4400000;4840001;5324001;4840000;4400000;4400000;4400000
0;no;44000000;5371.0938;8;9216.8390;32794992640;1024,00;43,00;981,00;4400000;4840001;5324001;4840000;4400000;4400000;4400000
0;no;44000000;5371.0938;9;9174.7910;32794992640;1024,00;43,00;981,00;4400000;4840001;5324001;4840000;4400000;4400000;4400000
0;no;44000000;5371.0938;10;9118.2820;32794992640;1024,00;43,00;981,00;4400000;4840001;5324001;4840000;4400000;4400000;4400000
0;no;44000000;5371.0938;11;9147.0390;32794992640;1024,00;43,00;981,00;4400000;4840001;5324001;4840000;4400000;4400000;4400000
0;no;44000000;5371.0938;12;9126.7030;32794992640;1024,00;43,00;981,00;4400000;4840001;5324001;4840000;4400000;4400000;4400000
0;no;44000000;5371.0938;13;9040.0780;32794992640;1024,00;43,00;981,00;4400000;4840001;5324001;4840000;4400000;4400000;4400000
0;no;44000000;5371.0938;14;9072.0410;32794955776;1024,00;43,00;981,00;4400000;4840001;5324001;4840000;4400000;4400000;4400000
0;no;44000000;5371.0938;15;9065.4800;32794955776;1024,00;43,00;981,00;4400000;4840001;5324001;4840000;4400000;4400000;4400000
0;no;44000000;5371.0938;16;9128.8510;32794947584;1024,00;43,00;981,00;4400000;4840001;5324001;4840000;4400000;4400000;4400000
0;no;44000000;5371.0938;17;9263.0370;32794906624;1024,00;43,00;981,00;4400000;4840001;5324001;4840000;4400000;4400000;4400000
0;no;44000000;5371.0938;18;9198.4790;32794828800;1024,00;362,75;661,25;4400000;4840001;5324001;4840000;4400000;4400000;4400000
0;no;44000000;5371.0938;19;9112.8780;31720996864;2048,00;876,75;1171,25;4400000;4840001;5324001;4840000;4400000;4400000;4400000
0;no;44000000;5371.0938;20;9222.4810;30646943744;3072,00;1837,75;1234,25;4400000;4840001;5324001;4840000;4400000;4400000;4400000
0;no;44000000;5371.0938;21;8953.7260;27425570816;6144,00;4900,75;1243,25;4400000;4840001;5324001;4840000;4400000;4400000;4400000
0;no;44000000;5371.0938;22;8911.8830;24204345344;9216,00;8449,75;766,25;4400000;4840001;5324001;4840000;4400000;4400000;4400000
0;no;44000000;5371.0938;23;8648.3410;22056837120;11264,00;10107,00;1157,00;4400000;4840001;5324001;4840000;4400000;4400000;4400000
0;no;44000000;5371.0938;24;8269.9620;22056833024;11264,00;10107,00;1157,00;4400000;4840001;5324001;4840000;4400000;4400000;4400000
0;yes;44000000;5371.0938;0;8912.0020;22056820736;11264,00;10634,50;629,50;4400000;4840001;5324001;4840000;4400000;4400000;4400000
0;yes;44000000;5371.0938;1;8890.4130;20983078912;12288,00;11210,50;1077,50;4400000;4840001;5324001;4840000;4400000;4400000;4400000
0;yes;44000000;5371.0938;2;8910.2670;20983078912;12288,00;11795,00;493,00;4400000;4840001;5324001;4840000;4400000;4400000;4400000
0;yes;44000000;5371.0938;3;8955.2250;19909337088;13312,00;12400,25;911,75;4400000;4840001;5324001;4840000;4400000;4400000;4400000
0;yes;44000000;5371.0938;4;8952.3530;19909337088;13312,00;12975,50;336,50;4400000;4840001;5324001;4840000;4400000;4400000;4400000
0;yes;44000000;5371.0938;5;8959.4230;18835550208;14336,00;13506,25;829,75;4400000;4840001;5324001;4840000;4400000;4400000;4400000
0;yes;44000000;5371.0938;6;8919.9090;18835550208;14336,00;14022,50;313,50;4400000;4840001;5324001;4840000;4400000;4400000;4400000
0;yes;44000000;5371.09380;no;48000000;5859.3750;0;8965.8170;32793870336;1024,00;54,50;969,50;4800000;5280001;5808001;5280000;4800000;4800000;4800000
0;no;48000000;5859.3750;1;9006.8090;32793833472;1024,00;54,50;969,50;4800000;5280001;5808001;5280000;4800000;4800000;4800000
0;no;48000000;5859.3750;2;8978.1030;32793833472;1024,00;54,50;969,50;4800000;5280001;5808001;5280000;4800000;4800000;4800000
0;no;48000000;5859.3750;3;9026.2240;32793833472;1024,00;54,50;969,50;4800000;5280001;5808001;5280000;4800000;4800000;4800000
0;no;48000000;5859.3750;4;9033.9600;32793833472;1024,00;54,50;969,50;4800000;5280001;5808001;5280000;4800000;4800000;4800000
0;no;48000000;5859.3750;5;9260.6780;32793796608;1024,00;54,50;969,50;4800000;5280001;5808001;5280000;4800000;4800000;4800000
0;no;48000000;5859.3750;6;10030.2230;32793796608;1024,00;54,50;969,50;4800000;5280001;5808001;5280000;4800000;4800000;4800000
0;no;48000000;5859.3750;7;10003.9700;32793796608;1024,00;54,50;969,50;4800000;5280001;5808001;5280000;4800000;4800000;4800000
0;no;48000000;5859.3750;8;9919.3220;32793759744;1024,00;54,50;969,50;4800000;5280001;5808001;5280000;4800000;4800000;4800000
0;no;48000000;5859.3750;9;9961.5260;32793759744;1024,00;54,50;969,50;4800000;5280001;5808001;5280000;4800000;4800000;4800000
0;no;48000000;5859.3750;10;9878.6410;32793759744;1024,00;54,50;969,50;4800000;5280001;5808001;5280000;4800000;4800000;4800000
0;no;48000000;5859.3750;11;9977.7670;32793759744;1024,00;54,50;969,50;4800000;5280001;5808001;5280000;4800000;4800000;4800000
0;no;48000000;5859.3750;12;10103.4410;32793718784;1024,00;54,50;969,50;4800000;5280001;5808001;5280000;4800000;4800000;4800000
0;no;48000000;5859.3750;13;9993.2740;32793718784;1024,00;54,50;969,50;4800000;5280001;5808001;5280000;4800000;4800000;4800000
0;no;48000000;5859.3750;14;10062.0550;32793714688;1024,00;54,50;969,50;4800000;5280001;5808001;5280000;4800000;4800000;4800000
0;no;48000000;5859.3750;15;10119.7840;32793686016;1024,00;54,50;969,50;4800000;5280001;5808001;5280000;4800000;4800000;4800000
0;no;48000000;5859.3750;16;9981.6840;32793669632;1024,00;375,75;648,25;4800000;5280001;5808001;5280000;4800000;4800000;4800000
0;no;48000000;5859.3750;17;9813.4220;31719841792;2048,00;1004,25;1043,75;4800000;5280001;5808001;5280000;4800000;4800000;4800000
0;no;48000000;5859.3750;18;9810.4240;29572161536;4096,00;3483,00;613,00;4800000;5280001;5808001;5280000;4800000;4800000;4800000
0;no;48000000;5859.3750;19;9787.5890;25277136896;8192,00;7386,75;805,25;4800000;5280001;5808001;5280000;4800000;4800000;4800000
0;no;48000000;5859.3750;20;9511.0970;22055895040;11264,00;10090,00;1174,00;4800000;5280001;5808001;5280000;4800000;4800000;4800000
0;no;48000000;5859.3750;21;9009.9570;22055895040;11264,00;10090,00;1174,00;4800000;5280001;5808001;5280000;4800000;4800000;4800000
0;no;48000000;5859.3750;22;9656.2720;22055858176;11264,00;10508,25;755,75;4800000;5280001;5808001;5280000;4800000;4800000;4800000
0;no;48000000;5859.3750;23;9741.4180;20982140928;12288,00;11097,75;1190,25;4800000;5280001;5808001;5280000;4800000;4800000;4800000
0;no;48000000;5859.3750;24;9805.1050;20982140928;12288,00;11633,75;654,25;4800000;5280001;5808001;5280000;4800000;4800000;4800000
0;yes;48000000;5859.3750;0;9730.5060;19908087808;13312,00;12264,75;1047,25;4800000;5280001;5808001;5280000;4800000;4800000;4800000
0;yes;48000000;5859.3750;1;9677.8760;19908087808;13312,00;12893,50;418,50;4800000;5280001;5808001;5280000;4800000;4800000;4800000
0;yes;48000000;5859.3750;2;9743.6560;18834345984;14336,00;13570,50;765,50;4800000;5280001;5808001;5280000;4800000;4800000;4800000
0;yes;48000000;5859.3750;3;9664.5140;17760604160;15360,00;14215,75;1144,25;4800000;5280001;5808001;5280000;4800000;4800000;4800000
0;yes;48000000;5859.3750;4;9688.8130;17760567296;15360,00;14844,75;515,25;4800000;5280001;5808001;5280000;4800000;4800000;4800000
0;yes;48000000;5859.3750;5;9684.8600;16686825472;16384,00;15422,25;961,75;4800000;5280001;5808001;5280000;4800000;4800000;4800000
0;yes;48000000;5859.3750;6;9695.8880;16686825472;16384,00;16028,50;355,50;4800000;5280001;5808001;5280000;4800000;4800000;4800000
0;yes;48